<?xml version="1.0"?>
<doc>
    <assembly>
        <name>MyProject</name>
    </assembly>
    <members>
        <member name="F:MyProject.Admindashboard.components">
            <summary>
            Required designer variable.
            </summary>
        </member>
        <member name="M:MyProject.Admindashboard.Dispose(System.Boolean)">
            <summary>
            Clean up any resources being used.
            </summary>
            <param name="disposing">true if managed resources should be disposed; otherwise, false.</param>
        </member>
        <member name="M:MyProject.Admindashboard.InitializeComponent">
            <summary>
            Required method for Designer support - do not modify
            the contents of this method with the code editor.
            </summary>
        </member>
        <member name="F:MyProject.bug.components">
            <summary>
            Required designer variable.
            </summary>
        </member>
        <member name="M:MyProject.bug.Dispose(System.Boolean)">
            <summary>
            Clean up any resources being used.
            </summary>
            <param name="disposing">true if managed resources should be disposed; otherwise, false.</param>
        </member>
        <member name="M:MyProject.bug.InitializeComponent">
            <summary>
            Required method for Designer support - do not modify
            the contents of this method with the code editor.
            </summary>
        </member>
        <member name="F:MyProject.Bugedit.components">
            <summary>
            Required designer variable.
            </summary>
        </member>
        <member name="M:MyProject.Bugedit.Dispose(System.Boolean)">
            <summary>
            Clean up any resources being used.
            </summary>
            <param name="disposing">true if managed resources should be disposed; otherwise, false.</param>
        </member>
        <member name="M:MyProject.Bugedit.InitializeComponent">
            <summary>
            Required method for Designer support - do not modify
            the contents of this method with the code editor.
            </summary>
        </member>
        <member name="T:MyProject.board">
            <summary>
            calling method
            sql connection
            image upload
            </summary>
        </member>
        <member name="M:MyProject.board.button2_Click(System.Object,System.EventArgs)">
            <summary>
            sql connection
            
            </summary>
            <param name="sender"></param>
            <param name="e"></param>
        </member>
        <member name="M:MyProject.board.button3_Click(System.Object,System.EventArgs)">
            <summary>
            sql connection
            data variables converting to byte
            image uploading
            data inserting
            
            </summary>
            <param name="sender"></param>
            <param name="e"></param>
        </member>
        <member name="M:MyProject.board.button4_Click(System.Object,System.EventArgs)">
            <summary>
            opening file 
            choosing image
            </summary>
            <param name="sender"></param>
            <param name="e"></param>
        </member>
        <member name="M:MyProject.board.get_bugitem">
            <summary>
            sql connection
            storing data
            </summary>
        </member>
        <member name="F:MyProject.board.components">
            <summary>
            Required designer variable.
            </summary>
        </member>
        <member name="M:MyProject.board.Dispose(System.Boolean)">
            <summary>
            Clean up any resources being used.
            </summary>
            <param name="disposing">true if managed resources should be disposed; otherwise, false.</param>
        </member>
        <member name="M:MyProject.board.InitializeComponent">
            <summary>
            Required method for Designer support - do not modify
            the contents of this method with the code editor.
            </summary>
        </member>
        <member name="T:MyProject.Form1">
            <summary>
            
            
            </summary>
        </member>
        <member name="M:MyProject.Form1.button1_Click(System.Object,System.EventArgs)">
            <summary>
            sql connection
            data reading
            condition applied
            visibility to show the form
            </summary>
            <param name="sender"></param>
            <param name="e"></param>
        </member>
        <member name="F:MyProject.Form1.components">
            <summary>
            Required designer variable.
            </summary>
        </member>
        <member name="M:MyProject.Form1.Dispose(System.Boolean)">
            <summary>
            Clean up any resources being used.
            </summary>
            <param name="disposing">true if managed resources should be disposed; otherwise, false.</param>
        </member>
        <member name="M:MyProject.Form1.InitializeComponent">
            <summary>
            Required method for Designer support - do not modify
            the contents of this method with the code editor.
            </summary>
        </member>
        <member name="F:MyProject.login.components">
            <summary>
            Required designer variable.
            </summary>
        </member>
        <member name="M:MyProject.login.Dispose(System.Boolean)">
            <summary>
            Clean up any resources being used.
            </summary>
            <param name="disposing">true if managed resources should be disposed; otherwise, false.</param>
        </member>
        <member name="M:MyProject.login.InitializeComponent">
            <summary>
            Required method for Designer support - do not modify
            the contents of this method with the code editor.
            </summary>
        </member>
        <member name="M:MyProject.Program.Main">
            <summary>
            The main entry point for the application.
            </summary>
        </member>
        <member name="T:MyProject.register">
            <summary>
            
            </summary>
        </member>
        <member name="M:MyProject.register.button1_Click(System.Object,System.EventArgs)">
            <summary>
            sql connection
            method called
            hiding form
            </summary>
            <param name="sender"></param>
            <param name="e"></param>
        </member>
        <member name="F:MyProject.register.components">
            <summary>
            Required designer variable.
            </summary>
        </member>
        <member name="M:MyProject.register.Dispose(System.Boolean)">
            <summary>
            Clean up any resources being used.
            </summary>
            <param name="disposing">true if managed resources should be disposed; otherwise, false.</param>
        </member>
        <member name="M:MyProject.register.InitializeComponent">
            <summary>
            Required method for Designer support - do not modify
            the contents of this method with the code editor.
            </summary>
        </member>
        <member name="T:MyProject.Properties.Resources">
            <summary>
              A strongly-typed resource class, for looking up localized strings, etc.
            </summary>
        </member>
        <member name="P:MyProject.Properties.Resources.ResourceManager">
            <summary>
              Returns the cached ResourceManager instance used by this class.
            </summary>
        </member>
        <member name="P:MyProject.Properties.Resources.Culture">
            <summary>
              Overrides the current thread's CurrentUICulture property for all
              resource lookups using this strongly typed resource class.
            </summary>
        </member>
        <member name="P:MyProject.Properties.Resources.images">
            <summary>
              Looks up a localized resource of type System.Drawing.Bitmap.
            </summary>
        </member>
        <member name="P:MyProject.Properties.Resources.user_login_or_access_authentication_icon_vector_6712526">
            <summary>
              Looks up a localized resource of type System.Drawing.Bitmap.
            </summary>
        </member>
    </members>
</doc>
